<?xml version="1.0" encoding="UTF-8"?>
<project-private xmlns="http://www.netbeans.org/ns/project-private/1">
    <editor-bookmarks xmlns="http://www.netbeans.org/ns/editor-bookmarks/2" lastBookmarkId="0"/>
    <open-files xmlns="http://www.netbeans.org/ns/projectui-open-files/2">
        <group>
            <file>file:/E:/32FinalProjects/TruckRentals/web/jsfiles/signupCheck.js</file>
            <file>file:/E:/32FinalProjects/TruckRentals/web/client/home.jsp</file>
            <file>file:/E:/32FinalProjects/TruckRentals/web/client/requestTruck.jsp</file>
            <file>file:/E:/32FinalProjects/TruckRentals/web/index.html</file>
            <file>file:/E:/32FinalProjects/TruckRentals/web/client/alltrucks.jsp</file>
        </group>
    </open-files>
</project-private>
